Model,Cosine Similarity Accuracy,Pearson Correlation,Spearman Correlation,Inference Time (ms),Model Size (MB),TOPSIS Score,Rank
BERT,0.85,0.82,0.8,50,420,0.8494014065625773,1.0
RoBERTa,0.88,0.84,0.83,45,350,0.7049360267721335,2.0
SBERT,0.89,0.86,0.85,40,300,0.5107662224928431,3.0
MPNet,0.91,0.89,0.88,35,280,0.4129302288471617,4.0
DistilBERT,0.83,0.8,0.78,30,250,0.2119334189264802,5.0
MiniLM,0.87,0.85,0.84,25,200,0.1120116482344174,6.0
